{"cameraMode":{"drawMode":0,"name":"Shaded","section":"Shading Mode"},"sceneLighting":false,"audioPlay":false,"sceneViewState":{"showFog":true,"showMaterialUpdate":false,"showSkybox":true,"showFlares":true,"showImageEffects":true,"showParticleSystems":true},"in2DMode":false,"pivot":{"x":224.15582275390626,"y":217.19998168945313,"z":0.0},"rotation":{"x":0.000777833629399538,"y":-0.999015748500824,"z":-0.01948331668972969,"w":-0.039889268577098849},"size":604.47509765625,"orthographic":false}